<?xml version="1.0" encoding="utf-8"?>
<form>
  <name>User Group Edit Form</name>
  <params>
    <param name="comment" type="radio" default="0" label="Post comments" description="">
      <option value="0">No</option>
      <option value="1">Yes</option>
    </param>
    <param name="frontEdit" type="radio" default="0" label="Front-end item editing" description="">
      <option value="0">No</option>
      <option value="1">Yes</option>
    </param>
    <param name="add" type="radio" default="0" label="Add items" description="">
      <option value="0">No</option>
      <option value="1">Yes</option>
    </param>
    <param name="editOwn" type="radio" default="0" label="Edit own items" description="">
      <option value="0">No</option>
      <option value="1">Yes</option>
    </param>
    <param name="editAll" type="radio" default="0" label="Edit any item" description="">
      <option value="0">No</option>
      <option value="1">Yes</option>
    </param>
    <param name="publish" type="radio" default="0" label="Publish items" description="Permission to publish new or edited items">
      <option value="0">No</option>
      <option value="1">Yes</option>
    </param>
  </params>
</form>
